Product,Color,Category,Subcategory,Wholesale Cost,Items Purchased,Purchase Cost,Shipping Costs ,Total Costs,Retail Price (per unit),Items Sold,Revenue,Profit,,Shipping Rate (per item), $5.00 ,
,,,,,,,,,,,,,,Profit," $37,533,159.87 ",
,,,,,,,,,,,,,,Profit Margin,33.33%,
"HL Road Frame - Black, 58",Black,Components,Road Frames, $217.16 ," 4,652 "," $1,010,216.69 "," $23,260.00 "," $1,033,476.69 ", $333.24 ," 4,652 "," $1,550,215.04 "," $516,738.35 ",,,,
"Sport-100 Helmet, Black",Black,Accessories,Helmets, $3.01 ," 3,952 "," $11,886.39 "," $19,761.25 "," $31,647.64 ", $12.01 ," 3,952 "," $47,471.46 "," $15,823.82 ",,,,
"Sport-100 Helmet, Black",Black,Accessories,Helmets, $3.47 ," 4,581 "," $15,894.34 "," $22,902.50 "," $38,796.84 ", $12.71 ," 4,581 "," $58,195.25 "," $19,398.42 ",,,,
"Sport-100 Helmet, Black",Black,Accessories,Helmets, $3.27 ," 4,455 "," $14,579.81 "," $22,276.25 "," $36,856.06 ", $12.41 ," 4,455 "," $55,284.08 "," $18,428.03 ",,,,
"LL Road Frame - Black, 58",Black,Components,Road Frames, $44.05 ," 4,524 "," $199,271.19 "," $22,618.75 "," $221,889.94 ", $73.58 ," 4,524 "," $332,834.91 "," $110,944.97 ",,,,
"LL Road Frame - Black, 58",Black,Components,Road Frames, $42.54 ," 3,921 "," $166,779.74 "," $19,605.00 "," $186,384.74 ", $71.30 ," 3,921 "," $279,577.10 "," $93,192.37 ",,,,
"LL Road Frame - Black, 58",Black,Components,Road Frames, $51.16 ," 4,975 "," $254,521.35 "," $24,876.25 "," $279,397.60 ", $84.24 ," 4,975 "," $419,096.40 "," $139,698.80 ",,,,
"HL Mountain Frame - Black, 42",Black,Components,Mountain Frames, $154.26 ," 4,602 "," $709,893.02 "," $23,010.00 "," $732,903.02 ", $238.89 ," 4,602 "," $1,099,354.52 "," $366,451.51 ",,,,
"HL Mountain Frame - Black, 42",Black,Components,Mountain Frames, $163.43 ," 4,767 "," $779,046.98 "," $23,835.00 "," $802,881.98 ", $252.64 ," 4,767 "," $1,204,322.96 "," $401,440.99 ",,,,
"HL Mountain Frame - Black, 42",Black,Components,Mountain Frames, $184.76 ," 4,922 "," $909,296.34 "," $24,607.50 "," $933,903.84 ", $284.64 ," 4,922 "," $1,400,855.76 "," $466,951.92 ",,,,
"Road-650 Black, 58",Black,Bikes,Road Bikes, $103.29 ," 4,187 "," $432,413.12 "," $20,932.50 "," $453,345.62 ", $162.43 ," 4,187 "," $680,018.43 "," $226,672.81 ",,,,
"Road-650 Black, 58",Black,Bikes,Road Bikes, $121.68 ," 4,174 "," $507,912.30 "," $20,871.25 "," $528,783.55 ", $190.02 ," 4,174 "," $793,175.33 "," $264,391.78 ",,,,
"Road-650 Black, 60",Black,Bikes,Road Bikes, $103.29 ," 4,574 "," $472,411.20 "," $22,868.75 "," $495,279.95 ", $162.43 ," 4,574 "," $742,919.93 "," $247,639.98 ",,,,
"Road-650 Black, 60",Black,Bikes,Road Bikes, $121.68 ," 4,411 "," $536,749.87 "," $22,056.25 "," $558,806.12 ", $190.02 ," 4,411 "," $838,209.18 "," $279,403.06 ",,,,
"Mountain-100 Black, 38",Black,Bikes,Mountain Bikes, $474.52 ," 4,250 "," $2,016,839.26 "," $21,251.25 "," $2,038,090.51 ", $719.28 ," 4,250 "," $3,057,135.76 "," $1,019,045.25 ",,,,
"Mountain-100 Black, 42",Black,Bikes,Mountain Bikes, $474.52 ," 4,522 "," $2,145,909.38 "," $22,611.25 "," $2,168,520.63 ", $719.28 ," 4,522 "," $3,252,780.94 "," $1,084,260.31 ",,,,
"Mountain-100 Black, 44",Black,Bikes,Mountain Bikes, $474.52 ," 4,188 "," $1,987,418.86 "," $20,941.25 "," $2,008,360.11 ", $719.28 ," 4,188 "," $3,012,540.17 "," $1,004,180.06 ",,,,
"Mountain-100 Black, 48",Black,Bikes,Mountain Bikes, $474.52 ," 3,982 "," $1,889,429.96 "," $19,908.75 "," $1,909,338.71 ", $719.28 ," 3,982 "," $2,864,008.07 "," $954,669.36 ",,,,
"Mountain-200 Black, 38",Black,Bikes,Mountain Bikes, $276.45 ," 4,690 "," $1,296,562.23 "," $23,450.00 "," $1,320,012.23 ", $422.18 ," 4,690 "," $1,980,018.34 "," $660,006.11 ",,,,
"Mountain-200 Black, 38",Black,Bikes,Mountain Bikes, $313.00 ," 3,998 "," $1,251,275.76 "," $19,988.75 "," $1,271,264.51 ", $476.99 ," 3,998 "," $1,906,896.77 "," $635,632.26 ",,,,
"Road-250 Black, 44",Black,Bikes,Road Bikes, $330.17 ," 4,429 "," $1,462,240.39 "," $22,143.75 "," $1,484,384.14 ", $502.76 ," 4,429 "," $2,226,576.21 "," $742,192.07 ",,,,
"Road-250 Black, 48",Black,Bikes,Road Bikes, $330.17 ," 3,996 "," $1,319,194.24 "," $19,977.50 "," $1,339,171.74 ", $502.76 ," 3,996 "," $2,008,757.60 "," $669,585.87 ",,,,
"ML Mountain Frame - Black, 38",Black,Components,Mountain Frames, $46.46 ," 4,211 "," $195,610.39 "," $21,053.75 "," $216,664.14 ", $77.18 ," 4,211 "," $324,996.21 "," $108,332.07 ",,,,
LL Mountain Front Wheel,Black,Components,Wheels, $6.74 ," 4,178 "," $28,170.17 "," $20,890.00 "," $49,060.17 ", $17.61 ," 4,178 "," $73,590.25 "," $24,530.08 ",,,,
ML Mountain Front Wheel,Black,Components,Wheels, $23.20 ," 3,779 "," $87,682.25 "," $18,895.00 "," $106,577.25 ", $42.30 ," 3,779 "," $159,865.87 "," $53,288.62 ",,,,
HL Mountain Front Wheel,Black,Components,Wheels, $33.33 ," 4,019 "," $133,941.51 "," $20,096.25 "," $154,037.76 ", $57.49 ," 4,019 "," $231,056.63 "," $77,018.88 ",,,,
LL Mountain Rear Wheel,Black,Components,Wheels, $9.74 ," 4,450 "," $43,340.57 "," $22,248.75 "," $65,589.32 ", $22.11 ," 4,450 "," $98,383.97 "," $32,794.66 ",,,,
ML Mountain Rear Wheel,Black,Components,Wheels, $26.20 ," 4,888 "," $128,072.15 "," $24,441.25 "," $152,513.40 ", $46.80 ," 4,888 "," $228,770.10 "," $76,256.70 ",,,,
HL Mountain Rear Wheel,Black,Components,Wheels, $36.32 ," 3,775 "," $137,117.08 "," $18,876.25 "," $155,993.33 ", $61.98 ," 3,775 "," $233,990.00 "," $77,996.67 ",,,,
LL Road Rear Wheel,Black,Components,Wheels, $12.50 ," 4,887 "," $61,063.07 "," $24,435.00 "," $85,498.07 ", $26.24 ," 4,887 "," $128,247.10 "," $42,749.03 ",,,,
"ML Mountain Frame - Black, 40",Black,Components,Mountain Frames, $46.46 ," 4,725 "," $219,511.49 "," $23,626.25 "," $243,137.74 ", $77.18 ," 4,725 "," $364,706.61 "," $121,568.87 ",,,,
"ML Mountain Frame - Black, 44",Black,Components,Mountain Frames, $46.46 ," 4,326 "," $200,975.94 "," $21,631.25 "," $222,607.19 ", $77.18 ," 4,326 "," $333,910.79 "," $111,303.60 ",,,,
"ML Mountain Frame - Black, 48",Black,Components,Mountain Frames, $46.46 ," 3,954 "," $183,659.84 "," $19,767.50 "," $203,427.34 ", $77.18 ," 3,954 "," $305,141.01 "," $101,713.67 ",,,,
"HL Road Frame - Black, 62",Black,Components,Road Frames, $180.57 ," 4,227 "," $763,157.97 "," $21,132.50 "," $784,290.47 ", $278.35 ," 4,227 "," $1,176,435.71 "," $392,145.24 ",,,,
"HL Road Frame - Black, 44",Black,Components,Road Frames, $217.16 ," 4,217 "," $915,807.47 "," $21,086.25 "," $936,893.72 ", $333.24 ," 4,217 "," $1,405,340.58 "," $468,446.86 ",,,,
"HL Road Frame - Black, 44",Black,Components,Road Frames, $217.16 ," 4,118 "," $894,200.30 "," $20,588.75 "," $914,789.05 ", $333.24 ," 4,118 "," $1,372,183.57 "," $457,394.52 ",,,,
"HL Road Frame - Black, 48",Black,Components,Road Frames, $180.57 ," 3,941 "," $711,516.38 "," $19,702.50 "," $731,218.88 ", $278.35 ," 3,941 "," $1,096,828.32 "," $365,609.44 ",,,,
"HL Road Frame - Black, 52",Black,Components,Road Frames, $180.57 ," 3,801 "," $686,327.57 "," $19,005.00 "," $705,332.57 ", $278.35 ," 3,801 "," $1,057,998.85 "," $352,666.28 ",,,,
"Men's Sports Shorts, S",Black,Clothing,Shorts, $6.19 ," 3,766 "," $23,303.67 "," $18,831.25 "," $42,134.92 ", $16.78 ," 3,766 "," $63,202.38 "," $21,067.46 ",,,,
"Men's Sports Shorts, M",Black,Clothing,Shorts, $6.19 ," 4,847 "," $29,987.72 "," $24,232.50 "," $54,220.22 ", $16.78 ," 4,847 "," $81,330.33 "," $27,110.11 ",,,,
"Men's Sports Shorts, L",Black,Clothing,Shorts, $6.19 ," 4,565 "," $28,244.39 "," $22,823.75 "," $51,068.14 ", $16.78 ," 4,565 "," $76,602.21 "," $25,534.07 ",,,,
"Men's Sports Shorts, XL",Black,Clothing,Shorts, $6.19 ," 4,900 "," $30,317.20 "," $24,498.75 "," $54,815.95 ", $16.78 ," 4,900 "," $82,223.93 "," $27,407.98 ",,,,
"Women's Tights, S",Black,Clothing,Tights, $7.73 ," 4,096 "," $31,674.25 "," $20,481.25 "," $52,155.50 ", $19.10 ," 4,096 "," $78,233.25 "," $26,077.75 ",,,,
"Women's Tights, M",Black,Clothing,Tights, $7.73 ," 4,190 "," $32,395.31 "," $20,947.50 "," $53,342.81 ", $19.10 ," 4,190 "," $80,014.21 "," $26,671.40 ",,,,
"Women's Tights, L",Black,Clothing,Tights, $7.73 ," 4,518 "," $34,933.50 "," $22,588.75 "," $57,522.25 ", $19.10 ," 4,518 "," $86,283.38 "," $28,761.13 ",,,,
"Half-Finger Gloves, S",Black,Clothing,Gloves, $2.43 ," 4,585 "," $11,130.09 "," $22,925.00 "," $34,055.09 ", $11.14 ," 4,585 "," $51,082.63 "," $17,027.54 ",,,,
"Half-Finger Gloves, S",Black,Clothing,Gloves, $2.29 ," 3,779 "," $8,654.48 "," $18,896.25 "," $27,550.73 ", $10.94 ," 3,779 "," $41,326.10 "," $13,775.37 ",,,,
"Half-Finger Gloves, M",Black,Clothing,Gloves, $2.43 ," 4,572 "," $11,099.14 "," $22,861.25 "," $33,960.39 ", $11.14 ," 4,572 "," $50,940.58 "," $16,980.19 ",,,,
"Half-Finger Gloves, M",Black,Clothing,Gloves, $2.29 ," 4,207 "," $9,633.46 "," $21,033.75 "," $30,667.21 ", $10.94 ," 4,207 "," $46,000.81 "," $15,333.60 ",,,,
"Half-Finger Gloves, L",Black,Clothing,Gloves, $2.43 ," 4,658 "," $11,306.69 "," $23,288.75 "," $34,595.44 ", $11.14 ," 4,658 "," $51,893.16 "," $17,297.72 ",,,,
"Half-Finger Gloves, L",Black,Clothing,Gloves, $2.29 ," 4,590 "," $10,511.67 "," $22,951.25 "," $33,462.92 ", $10.94 ," 4,590 "," $50,194.38 "," $16,731.46 ",,,,
"Full-Finger Gloves, S",Black,Clothing,Gloves, $3.92 ," 4,897 "," $19,183.02 "," $24,483.75 "," $43,666.77 ", $13.38 ," 4,897 "," $65,500.15 "," $21,833.38 ",,,,
"Full-Finger Gloves, M",Black,Clothing,Gloves, $3.92 ," 4,746 "," $18,593.43 "," $23,731.25 "," $42,324.68 ", $13.38 ," 4,746 "," $63,487.03 "," $21,162.34 ",,,,
"Full-Finger Gloves, L",Black,Clothing,Gloves, $3.92 ," 4,313 "," $16,894.22 "," $21,562.50 "," $38,456.72 ", $13.38 ," 4,313 "," $57,685.08 "," $19,228.36 ",,,,
"Women's Mountain Shorts, S",Black,Clothing,Shorts, $6.55 ," 4,481 "," $29,328.15 "," $22,405.00 "," $51,733.15 ", $17.32 ," 4,481 "," $77,599.72 "," $25,866.57 ",,,,
"Women's Mountain Shorts, M",Black,Clothing,Shorts, $6.55 ," 3,829 "," $25,057.53 "," $19,142.50 "," $44,200.03 ", $17.32 ," 3,829 "," $66,300.05 "," $22,100.02 ",,,,
"Women's Mountain Shorts, L",Black,Clothing,Shorts, $6.55 ," 4,143 "," $27,114.30 "," $20,713.75 "," $47,828.05 ", $17.32 ," 4,143 "," $71,742.07 "," $23,914.02 ",,,,
LL Crankset,Black,Components,Cranksets, $19.48 ," 4,552 "," $88,677.83 "," $22,761.25 "," $111,439.08 ", $36.72 ," 4,552 "," $167,158.62 "," $55,719.54 ",,,,
ML Crankset,Black,Components,Cranksets, $28.47 ," 4,809 "," $136,919.35 "," $24,046.25 "," $160,965.60 ", $50.21 ," 4,809 "," $241,448.40 "," $80,482.80 ",,,,
HL Crankset,Black,Components,Cranksets, $44.96 ," 4,200 "," $188,788.52 "," $20,997.50 "," $209,786.02 ", $74.93 ," 4,200 "," $314,679.03 "," $104,893.01 ",,,,
"Road-750 Black, 58",Black,Bikes,Road Bikes, $85.91 ," 3,987 "," $342,554.62 "," $19,936.25 "," $362,490.87 ", $136.37 ," 3,987 "," $543,736.30 "," $181,245.43 ",,,,
"Mountain-500 Black, 40",Black,Bikes,Mountain Bikes, $73.65 ," 4,553 "," $335,324.10 "," $22,766.25 "," $358,090.35 ", $117.97 ," 4,553 "," $537,135.52 "," $179,045.17 ",,,,
"Road-750 Black, 44",Black,Bikes,Road Bikes, $85.91 ," 4,154 "," $356,880.53 "," $20,770.00 "," $377,650.53 ", $136.37 ," 4,154 "," $566,475.79 "," $188,825.26 ",,,,
"Road-750 Black, 48",Black,Bikes,Road Bikes, $85.91 ," 4,310 "," $370,261.40 "," $21,548.75 "," $391,810.15 ", $136.37 ," 4,310 "," $587,715.22 "," $195,905.07 ",,,,
"Road-750 Black, 52",Black,Bikes,Road Bikes, $85.91 ," 4,468 "," $383,835.57 "," $22,338.75 "," $406,174.32 ", $136.37 ," 4,468 "," $609,261.48 "," $203,087.16 ",,,,
"HL Road Frame - Red, 58",Red,Components,Road Frames, $217.16 ," 3,936 "," $854,623.34 "," $19,677.50 "," $874,300.84 ", $333.24 ," 3,936 "," $1,311,451.26 "," $437,150.42 ",,,,
"Sport-100 Helmet, Red",Red,Accessories,Helmets, $3.01 ," 4,949 "," $14,884.12 "," $24,745.00 "," $39,629.12 ", $12.01 ," 4,949 "," $59,443.68 "," $19,814.56 ",,,,
"Sport-100 Helmet, Blue",Blue,Accessories,Helmets, $3.01 ," 4,394 "," $13,215.71 "," $21,971.25 "," $35,186.96 ", $12.01 ," 4,394 "," $52,780.44 "," $17,593.48 ",,,,
"Mountain Bike Socks, M",White,Clothing,Socks, $0.85 ," 3,812 "," $3,239.99 "," $19,058.75 "," $22,298.74 ", $8.78 ," 3,812 "," $33,448.11 "," $11,149.37 ",,,,
"Mountain Bike Socks, L",White,Clothing,Socks, $0.85 ," 4,125 "," $3,506.46 "," $20,626.25 "," $24,132.71 ", $8.78 ," 4,125 "," $36,199.07 "," $12,066.36 ",,,,
"Sport-100 Helmet, Blue",Blue,Accessories,Helmets, $3.47 ," 4,327 "," $15,013.82 "," $21,633.75 "," $36,647.57 ", $12.71 ," 4,327 "," $54,971.36 "," $18,323.79 ",,,,
AWC Logo Cap,Multi,Clothing,Caps, $1.43 ," 4,072 "," $5,813.14 "," $20,361.25 "," $26,174.39 ", $9.64 ," 4,072 "," $39,261.58 "," $13,087.19 ",,,,
"Long-Sleeve Logo Jersey, S",Multi,Clothing,Jerseys, $7.93 ," 4,452 "," $35,304.36 "," $22,260.00 "," $57,564.36 ", $19.40 ," 4,452 "," $86,346.54 "," $28,782.18 ",,,,
"Long-Sleeve Logo Jersey, M",Multi,Clothing,Jerseys, $7.93 ," 4,171 "," $33,076.03 "," $20,855.00 "," $53,931.03 ", $19.40 ," 4,171 "," $80,896.55 "," $26,965.52 ",,,,
"Long-Sleeve Logo Jersey, L",Multi,Clothing,Jerseys, $7.93 ," 4,754 "," $37,697.24 "," $23,768.75 "," $61,465.99 ", $19.40 ," 4,754 "," $92,198.98 "," $30,732.99 ",,,,
"Long-Sleeve Logo Jersey, XL",Multi,Clothing,Jerseys, $7.93 ," 3,820 "," $30,288.64 "," $19,097.50 "," $49,386.14 ", $19.40 ," 3,820 "," $74,079.20 "," $24,693.07 ",,,,
"HL Mountain Frame - Silver, 42",Silver,Components,Mountain Frames, $155.96 ," 4,528 "," $706,186.88 "," $22,640.00 "," $728,826.88 ", $241.44 ," 4,528 "," $1,093,240.32 "," $364,413.44 ",,,,
"HL Mountain Frame - Silver, 44",Silver,Components,Mountain Frames, $176.70 ," 3,996 "," $706,147.37 "," $19,981.25 "," $726,128.62 ", $272.55 ," 3,996 "," $1,089,192.92 "," $363,064.31 ",,,,
"HL Mountain Frame - Silver, 48",Silver,Components,Mountain Frames, $176.70 ," 4,064 "," $718,163.14 "," $20,321.25 "," $738,484.39 ", $272.55 ," 4,064 "," $1,107,726.58 "," $369,242.19 ",,,,
"HL Mountain Frame - Silver, 46",Silver,Components,Mountain Frames, $155.96 ," 4,600 "," $717,338.02 "," $22,997.50 "," $740,335.52 ", $241.44 ," 4,600 "," $1,110,503.28 "," $370,167.76 ",,,,
"HL Mountain Frame - Silver, 38",Silver,Components,Mountain Frames, $155.96 ," 4,392 "," $685,015.31 "," $21,961.25 "," $706,976.56 ", $241.44 ," 4,392 "," $1,060,464.84 "," $353,488.28 ",,,,
"Road-150 Red, 62",Red,Bikes,Road Bikes, $542.82 ," 3,811 "," $2,068,832.25 "," $19,056.25 "," $2,087,888.50 ", $821.73 ," 3,811 "," $3,131,832.75 "," $1,043,944.25 ",,,,
"Road-150 Red, 44",Red,Bikes,Road Bikes, $542.82 ," 4,471 "," $2,426,959.40 "," $22,355.00 "," $2,449,314.40 ", $821.73 ," 4,471 "," $3,673,971.60 "," $1,224,657.20 ",,,,
"Road-150 Red, 48",Red,Bikes,Road Bikes, $542.82 ," 4,794 "," $2,602,155.36 "," $23,968.75 "," $2,626,124.11 ", $821.73 ," 4,794 "," $3,939,186.16 "," $1,313,062.05 ",,,,
"Mountain-100 Silver, 38",Silver,Bikes,Mountain Bikes, $478.04 ," 3,850 "," $1,840,563.88 "," $19,251.25 "," $1,859,815.13 ", $724.56 ," 3,850 "," $2,789,722.70 "," $929,907.57 ",,,,
"Mountain-100 Silver, 42",Silver,Bikes,Mountain Bikes, $478.04 ," 4,691 "," $2,242,354.40 "," $23,453.75 "," $2,265,808.15 ", $724.56 ," 4,691 "," $3,398,712.23 "," $1,132,904.08 ",,,,
"Mountain-100 Silver, 44",Silver,Bikes,Mountain Bikes, $478.04 ," 4,289 "," $2,050,063.82 "," $21,442.50 "," $2,071,506.32 ", $724.56 ," 4,289 "," $3,107,259.48 "," $1,035,753.16 ",,,,
"Road-250 Red, 44",Red,Bikes,Road Bikes, $379.70 ," 4,257 "," $1,616,277.33 "," $21,283.75 "," $1,637,561.08 ", $577.05 ," 4,257 "," $2,456,341.62 "," $818,780.54 ",,,,
"Road-250 Red, 48",Red,Bikes,Road Bikes, $379.70 ," 3,995 "," $1,516,891.51 "," $19,975.00 "," $1,536,866.51 ", $577.05 ," 3,995 "," $2,305,299.77 "," $768,433.26 ",,,,
"Road-250 Red, 52",Red,Bikes,Road Bikes, $379.70 ," 4,633 "," $1,758,948.67 "," $23,162.50 "," $1,782,111.17 ", $577.05 ," 4,633 "," $2,673,166.75 "," $891,055.58 ",,,,
"Road-550-W Yellow, 38",Yellow,Bikes,Road Bikes, $151.41 ," 4,918 "," $744,570.97 "," $24,587.50 "," $769,158.47 ", $234.62 ," 4,918 "," $1,153,737.70 "," $384,579.23 ",,,,
"Road-550-W Yellow, 40",Yellow,Bikes,Road Bikes, $178.27 ," 4,233 "," $754,527.78 "," $21,162.50 "," $775,690.28 ", $274.91 ," 4,233 "," $1,163,535.41 "," $387,845.14 ",,,,
"Road-550-W Yellow, 42",Yellow,Bikes,Road Bikes, $151.41 ," 3,892 "," $589,297.45 "," $19,460.00 "," $608,757.45 ", $234.62 ," 3,892 "," $913,136.18 "," $304,378.73 ",,,,
LL Fork,NA,Components,Forks, $16.45 ," 3,840 "," $63,177.60 "," $19,200.00 "," $82,377.60 ", $32.18 ," 3,840 "," $123,566.40 "," $41,188.80 ",,,,
ML Fork,NA,Components,Forks, $19.48 ," 3,882 "," $75,616.49 "," $19,408.75 "," $95,025.24 ", $36.72 ," 3,882 "," $142,537.86 "," $47,512.62 ",,,,
HL Fork,NA,Components,Forks, $25.47 ," 4,604 "," $117,269.02 "," $23,018.75 "," $140,287.77 ", $45.71 ," 4,604 "," $210,431.66 "," $70,143.89 ",,,,
LL Headset,NA,Components,Headsets, $3.80 ," 3,970 "," $15,065.20 "," $19,848.75 "," $34,913.95 ", $13.19 ," 3,970 "," $52,370.93 "," $17,456.98 ",,,,
ML Headset,NA,Components,Headsets, $11.36 ," 4,170 "," $47,344.67 "," $20,847.50 "," $68,192.17 ", $24.53 ," 4,170 "," $102,288.26 "," $34,096.09 ",,,,
HL Headset,NA,Components,Headsets, $13.85 ," 4,680 "," $64,787.68 "," $23,397.50 "," $88,185.18 ", $28.27 ," 4,680 "," $132,277.77 "," $44,092.59 ",,,,
LL Mountain Handlebars,NA,Components,Handlebars, $4.50 ," 3,921 "," $17,623.77 "," $19,603.75 "," $37,227.52 ", $14.24 ," 3,921 "," $55,841.28 "," $18,613.76 ",,,,
LL Mountain Handlebars,NA,Components,Handlebars, $4.95 ," 4,634 "," $22,916.37 "," $23,171.25 "," $46,087.62 ", $14.92 ," 4,634 "," $69,131.42 "," $23,043.81 ",,,,
HL Mountain Handlebars,NA,Components,Handlebars, $13.35 ," 4,634 "," $61,867.24 "," $23,171.25 "," $85,038.49 ", $27.53 ," 4,634 "," $127,557.73 "," $42,519.24 ",,,,
LL Road Handlebars,NA,Components,Handlebars, $4.50 ," 4,039 "," $18,155.31 "," $20,195.00 "," $38,350.31 ", $14.24 ," 4,039 "," $57,525.46 "," $19,175.15 ",,,,
LL Road Handlebars,NA,Components,Handlebars, $4.95 ," 4,594 "," $22,718.57 "," $22,971.25 "," $45,689.82 ", $14.92 ," 4,594 "," $68,534.72 "," $22,844.91 ",,,,
"ML Road Frame-W - Yellow, 38",Yellow,Components,Road Frames, $75.03 ," 4,053 "," $304,115.35 "," $20,266.25 "," $324,381.60 ", $120.05 ," 4,053 "," $486,572.40 "," $162,190.80 ",,,,
"ML Road Frame-W - Yellow, 40",Yellow,Components,Road Frames, $75.03 ," 3,962 "," $297,268.86 "," $19,810.00 "," $317,078.86 ", $120.05 ," 3,962 "," $475,618.29 "," $158,539.43 ",,,,
"Touring-Panniers, Large",Grey,Accessories,Panniers, $12.89 ," 4,529 "," $58,372.37 "," $22,642.50 "," $81,014.87 ", $26.84 ," 4,529 "," $121,522.30 "," $40,507.43 ",,,,
Cable Lock,NA,Accessories,Locks, $2.58 ," 4,689 "," $12,085.25 "," $23,443.75 "," $35,529.00 ", $11.37 ," 4,689 "," $53,293.50 "," $17,764.50 ",,,,
Minipump,NA,Accessories,Pumps, $2.06 ," 4,327 "," $8,924.95 "," $21,636.25 "," $30,561.20 ", $10.59 ," 4,327 "," $45,841.80 "," $15,280.60 ",,,,
Mountain Pump,NA,Accessories,Pumps, $2.58 ," 3,832 "," $9,876.98 "," $19,160.00 "," $29,036.98 ", $11.37 ," 3,832 "," $43,555.47 "," $14,518.49 ",,,,
Taillights - Battery-Powered,NA,Accessories,Lights, $1.44 ," 4,076 "," $5,879.99 "," $20,381.25 "," $26,261.24 ", $9.66 ," 4,076 "," $39,391.86 "," $13,130.62 ",,,,
Headlights - Dual-Beam,NA,Accessories,Lights, $3.61 ," 3,838 "," $13,845.59 "," $19,190.00 "," $33,035.59 ", $12.91 ," 3,838 "," $49,553.38 "," $16,517.79 ",,,,
Headlights - Weatherproof,NA,Accessories,Lights, $4.64 ," 4,785 "," $22,202.40 "," $23,925.00 "," $46,127.40 ", $14.46 ," 4,785 "," $69,191.10 "," $23,063.70 ",,,,
"Men's Bib-Shorts, S",Multi,Clothing,Bib-Shorts, $9.28 ," 4,902 "," $45,490.56 "," $24,510.00 "," $70,000.56 ", $21.42 ," 4,902 "," $105,000.84 "," $35,000.28 ",,,,
"Men's Bib-Shorts, M",Multi,Clothing,Bib-Shorts, $9.28 ," 4,317 "," $40,057.12 "," $21,582.50 "," $61,639.62 ", $21.42 ," 4,317 "," $92,459.43 "," $30,819.81 ",,,,
"Men's Bib-Shorts, L",Multi,Clothing,Bib-Shorts, $9.28 ," 4,662 "," $43,261.04 "," $23,308.75 "," $66,569.79 ", $21.42 ," 4,662 "," $99,854.69 "," $33,284.90 ",,,,
"Classic Vest, S",Blue,Clothing,Vests, $5.94 ," 3,794 "," $22,528.36 "," $18,971.25 "," $41,499.61 ", $16.41 ," 3,794 "," $62,249.41 "," $20,749.80 ",,,,
"Classic Vest, M",Blue,Clothing,Vests, $5.94 ," 4,813 "," $28,577.19 "," $24,065.00 "," $52,642.19 ", $16.41 ," 4,813 "," $78,963.28 "," $26,321.09 ",,,,
"Classic Vest, L",Blue,Clothing,Vests, $5.94 ," 4,656 "," $27,643.52 "," $23,278.75 "," $50,922.27 ", $16.41 ," 4,656 "," $76,383.40 "," $25,461.13 ",,,,
Water Bottle - 30 oz.,NA,Accessories,Bottles and Cages, $0.47 ," 3,846 "," $1,797.77 "," $19,227.50 "," $21,025.27 ", $8.20 ," 3,846 "," $31,537.91 "," $10,512.64 ",,,,
Mountain Bottle Cage,NA,Accessories,Bottles and Cages, $0.94 ," 4,383 "," $4,097.87 "," $21,913.75 "," $26,011.62 ", $8.90 ," 4,383 "," $39,017.43 "," $13,005.81 ",,,,
Road Bottle Cage,NA,Accessories,Bottles and Cages, $0.84 ," 3,761 "," $3,159.45 "," $18,806.25 "," $21,965.70 ", $8.76 ," 3,761 "," $32,948.55 "," $10,982.85 ",,,,
Patch Kit/8 Patches,NA,Accessories,Tires and Tubes, $0.22 ," 3,963 ", $852.05 ," $19,815.00 "," $20,667.05 ", $7.82 ," 3,963 "," $31,000.57 "," $10,333.52 ",,,,
"Racing Socks, M",White,Clothing,Socks, $0.84 ," 4,890 "," $4,107.81 "," $24,451.25 "," $28,559.06 ", $8.76 ," 4,890 "," $42,838.59 "," $14,279.53 ",,,,
"Racing Socks, L",White,Clothing,Socks, $0.84 ," 4,731 "," $3,974.25 "," $23,656.25 "," $27,630.50 ", $8.76 ," 4,731 "," $41,445.75 "," $13,815.25 ",,,,
Hitch Rack - 4-Bike,NA,Accessories,Bike Racks, $11.22 ," 4,993 "," $56,024.27 "," $24,966.25 "," $80,990.52 ", $24.33 ," 4,993 "," $121,485.77 "," $40,495.26 ",,,,
Bike Wash - Dissolver,NA,Accessories,Cleaners, $0.74 ," 4,540 "," $3,370.76 "," $22,698.75 "," $26,069.51 ", $8.61 ," 4,540 "," $39,104.27 "," $13,034.76 ",,,,
Fender Set - Mountain,NA,Accessories,Fenders, $2.06 ," 3,829 "," $7,868.60 "," $19,145.00 "," $27,013.60 ", $10.58 ," 3,829 "," $40,520.39 "," $13,506.80 ",,,,
All-Purpose Bike Stand,NA,Accessories,Bike Stands, $14.87 ," 4,128 "," $61,369.32 "," $20,638.75 "," $82,008.07 ", $29.80 ," 4,128 "," $123,012.11 "," $41,004.04 ",,,,
Hydration Pack - 70 oz.,Silver,Accessories,Hydration Packs, $5.14 ," 4,839 "," $24,885.84 "," $24,196.25 "," $49,082.09 ", $15.21 ," 4,839 "," $73,623.14 "," $24,541.05 ",,,,
"Short-Sleeve Classic Jersey, S",Yellow,Clothing,Jerseys, $10.39 ," 4,555 "," $47,332.64 "," $22,772.50 "," $70,105.14 ", $23.09 ," 4,555 "," $105,157.71 "," $35,052.57 ",,,,
"Short-Sleeve Classic Jersey, M",Yellow,Clothing,Jerseys, $10.39 ," 4,071 "," $42,307.87 "," $20,355.00 "," $62,662.87 ", $23.09 ," 4,071 "," $93,994.30 "," $31,331.43 ",,,,
"Short-Sleeve Classic Jersey, L",Yellow,Clothing,Jerseys, $10.39 ," 4,083 "," $42,432.58 "," $20,415.00 "," $62,847.58 ", $23.09 ," 4,083 "," $94,271.37 "," $31,423.79 ",,,,
"Short-Sleeve Classic Jersey, XL",Yellow,Clothing,Jerseys, $10.39 ," 3,916 "," $40,699.63 "," $19,581.25 "," $60,280.88 ", $23.09 ," 3,916 "," $90,421.32 "," $30,140.44 ",,,,
"HL Touring Frame - Yellow, 60",Yellow,Components,Touring Frames, $150.44 ," 4,224 "," $635,475.05 "," $21,121.25 "," $656,596.30 ", $233.15 ," 4,224 "," $984,894.45 "," $328,298.15 ",,,,
"LL Touring Frame - Yellow, 62",Yellow,Components,Touring Frames, $49.96 ," 3,925 "," $196,115.30 "," $19,626.25 "," $215,741.55 ", $82.44 ," 3,925 "," $323,612.33 "," $107,870.78 ",,,,
"HL Touring Frame - Yellow, 46",Yellow,Components,Touring Frames, $150.44 ," 4,253 "," $639,762.45 "," $21,263.75 "," $661,026.20 ", $233.15 ," 4,253 "," $991,539.29 "," $330,513.10 ",,,,
"HL Touring Frame - Yellow, 50",Yellow,Components,Touring Frames, $150.44 ," 4,308 "," $648,111.59 "," $21,541.25 "," $669,652.84 ", $233.15 ," 4,308 "," $1,004,479.26 "," $334,826.42 ",,,,
"HL Touring Frame - Yellow, 54",Yellow,Components,Touring Frames, $150.44 ," 3,813 "," $573,608.66 "," $19,065.00 "," $592,673.66 ", $233.15 ," 3,813 "," $889,010.48 "," $296,336.83 ",,,,
Rear Derailleur,Silver,Components,Derailleurs, $13.48 ," 4,726 "," $63,711.55 "," $23,627.50 "," $87,339.05 ", $27.72 ," 4,726 "," $131,008.58 "," $43,669.53 ",,,,
"LL Touring Frame - Blue, 44",Blue,Components,Touring Frames, $49.96 ," 4,888 "," $244,216.70 "," $24,440.00 "," $268,656.70 ", $82.44 ," 4,888 "," $402,985.05 "," $134,328.35 ",,,,
"ML Mountain Frame-W - Silver, 40",Silver,Components,Mountain Frames, $49.85 ," 4,977 "," $248,091.03 "," $24,886.25 "," $272,977.28 ", $82.27 ," 4,977 "," $409,465.91 "," $136,488.64 ",,,,
"ML Mountain Frame-W - Silver, 42",Silver,Components,Mountain Frames, $49.85 ," 4,608 "," $229,660.84 "," $23,037.50 "," $252,698.34 ", $82.27 ," 4,608 "," $379,047.51 "," $126,349.17 ",,,,
"ML Mountain Frame-W - Silver, 46",Silver,Components,Mountain Frames, $49.85 ," 4,100 "," $204,352.04 "," $20,498.75 "," $224,850.79 ", $82.27 ," 4,100 "," $337,276.18 "," $112,425.39 ",,,,
Rear Brakes,Silver,Components,Brakes, $11.82 ," 3,897 "," $46,072.28 "," $19,485.00 "," $65,557.28 ", $25.23 ," 3,897 "," $98,335.92 "," $32,778.64 ",,,,
LL Mountain Seat/Saddle,NA,Components,Saddles, $3.01 ," 4,918 "," $14,803.93 "," $24,591.25 "," $39,395.18 ", $12.02 ," 4,918 "," $59,092.77 "," $19,697.59 ",,,,
ML Mountain Seat/Saddle,NA,Components,Saddles, $4.35 ," 4,110 "," $17,859.04 "," $20,551.25 "," $38,410.29 ", $14.02 ," 4,110 "," $57,615.43 "," $19,205.14 ",,,,
HL Mountain Seat/Saddle,NA,Components,Saddles, $5.84 ," 3,831 "," $22,381.16 "," $19,153.75 "," $41,534.91 ", $16.26 ," 3,831 "," $62,302.36 "," $20,767.45 ",,,,
LL Road Seat/Saddle,NA,Components,Saddles, $3.01 ," 3,935 "," $11,843.60 "," $19,673.75 "," $31,517.35 ", $12.02 ," 3,935 "," $47,276.02 "," $15,758.67 ",,,,
ML Road Seat/Saddle,NA,Components,Saddles, $4.35 ," 4,306 "," $18,709.57 "," $21,530.00 "," $40,239.57 ", $14.02 ," 4,306 "," $60,359.36 "," $20,119.79 ",,,,
HL Road Seat/Saddle,NA,Components,Saddles, $5.84 ," 4,267 "," $24,927.03 "," $21,332.50 "," $46,259.53 ", $16.26 ," 4,267 "," $69,389.29 "," $23,129.76 ",,,,
LL Touring Seat/Saddle,NA,Components,Saddles, $3.01 ," 4,858 "," $14,622.58 "," $24,290.00 "," $38,912.58 ", $12.02 ," 4,858 "," $58,368.87 "," $19,456.29 ",,,,
ML Touring Seat/Saddle,NA,Components,Saddles, $4.35 ," 4,544 "," $19,742.59 "," $22,718.75 "," $42,461.34 ", $14.02 ," 4,544 "," $63,692.02 "," $21,230.67 ",,,,
HL Touring Seat/Saddle,NA,Components,Saddles, $5.84 ," 4,153 "," $24,260.98 "," $20,762.50 "," $45,023.48 ", $16.26 ," 4,153 "," $67,535.22 "," $22,511.74 ",,,,
"LL Mountain Frame - Silver, 42",Silver,Components,Mountain Frames, $36.15 ," 4,476 "," $161,787.17 "," $22,378.75 "," $184,165.92 ", $61.72 ," 4,476 "," $276,248.88 "," $92,082.96 ",,,,
"LL Mountain Frame - Silver, 44",Silver,Components,Mountain Frames, $36.15 ," 4,878 "," $176,309.43 "," $24,387.50 "," $200,696.93 ", $61.72 ," 4,878 "," $301,045.40 "," $100,348.47 ",,,,
"LL Mountain Frame - Silver, 48",Silver,Components,Mountain Frames, $36.15 ," 4,568 "," $165,130.82 "," $22,841.25 "," $187,972.07 ", $61.72 ," 4,568 "," $281,958.10 "," $93,986.03 ",,,,
"LL Mountain Frame - Silver, 52",Silver,Components,Mountain Frames, $36.15 ," 3,767 "," $136,158.60 "," $18,833.75 "," $154,992.35 ", $61.72 ," 3,767 "," $232,488.52 "," $77,496.17 ",,,,
Mountain Tire Tube,NA,Accessories,Tires and Tubes, $0.47 ," 4,745 "," $2,218.40 "," $23,726.25 "," $25,944.65 ", $8.20 ," 4,745 "," $38,916.98 "," $12,972.33 ",,,,
Road Tire Tube,NA,Accessories,Tires and Tubes, $0.37 ," 4,185 "," $1,558.82 "," $20,923.75 "," $22,482.57 ", $8.06 ," 4,185 "," $33,723.85 "," $11,241.28 ",,,,
Touring Tire Tube,NA,Accessories,Tires and Tubes, $0.47 ," 3,944 "," $1,843.70 "," $19,718.75 "," $21,562.45 ", $8.20 ," 3,944 "," $32,343.68 "," $10,781.23 ",,,,
LL Mountain Tire,NA,Accessories,Tires and Tubes, $2.34 ," 4,494 "," $10,504.73 "," $22,470.00 "," $32,974.73 ", $11.01 ," 4,494 "," $49,462.09 "," $16,487.36 ",,,,
ML Mountain Tire,NA,Accessories,Tires and Tubes, $2.81 ," 3,787 "," $10,621.13 "," $18,932.50 "," $29,553.63 ", $11.71 ," 3,787 "," $44,330.45 "," $14,776.82 ",,,,
HL Mountain Tire,NA,Accessories,Tires and Tubes, $3.27 ," 4,231 "," $13,845.13 "," $21,153.75 "," $34,998.88 ", $12.41 ," 4,231 "," $52,498.32 "," $17,499.44 ",,,,
LL Road Tire,NA,Accessories,Tires and Tubes, $2.01 ," 4,832 "," $9,712.82 "," $24,161.25 "," $33,874.07 ", $10.52 ," 4,832 "," $50,811.11 "," $16,937.04 ",,,,
ML Road Tire,NA,Accessories,Tires and Tubes, $2.34 ," 4,810 "," $11,242.21 "," $24,047.50 "," $35,289.71 ", $11.01 ," 4,810 "," $52,934.56 "," $17,644.85 ",,,,
HL Road Tire,NA,Accessories,Tires and Tubes, $3.05 ," 4,893 "," $14,912.18 "," $24,466.25 "," $39,378.43 ", $12.07 ," 4,893 "," $59,067.64 "," $19,689.21 ",,,,
Touring Tire,NA,Accessories,Tires and Tubes, $2.71 ," 3,940 "," $10,678.08 "," $19,701.25 "," $30,379.33 ", $11.57 ," 3,940 "," $45,568.99 "," $15,189.66 ",,,,
LL Mountain Pedal,Silver/Black,Components,Pedals, $4.50 ," 4,902 "," $22,032.24 "," $24,507.50 "," $46,539.74 ", $14.24 ," 4,902 "," $69,809.61 "," $23,269.87 ",,,,
ML Mountain Pedal,Silver/Black,Components,Pedals, $6.89 ," 4,553 "," $31,379.83 "," $22,763.75 "," $54,143.58 ", $17.84 ," 4,553 "," $81,215.37 "," $27,071.79 ",,,,
HL Mountain Pedal,Silver/Black,Components,Pedals, $8.99 ," 4,139 "," $37,209.61 "," $20,695.00 "," $57,904.61 ", $20.99 ," 4,139 "," $86,856.92 "," $28,952.31 ",,,,
LL Road Pedal,Silver/Black,Components,Pedals, $4.50 ," 4,725 "," $21,238.88 "," $23,625.00 "," $44,863.88 ", $14.24 ," 4,725 "," $67,295.81 "," $22,431.94 ",,,,
ML Road Pedal,Silver/Black,Components,Pedals, $6.89 ," 4,308 "," $29,694.61 "," $21,541.25 "," $51,235.86 ", $17.84 ," 4,308 "," $76,853.79 "," $25,617.93 ",,,,
HL Road Pedal,Silver/Black,Components,Pedals, $8.99 ," 4,860 "," $43,686.91 "," $24,297.50 "," $67,984.41 ", $20.99 ," 4,860 "," $101,976.61 "," $33,992.20 ",,,,
Touring Pedal,Silver/Black,Components,Pedals, $8.99 ," 4,924 "," $44,264.51 "," $24,618.75 "," $68,883.26 ", $20.99 ," 4,924 "," $103,324.89 "," $34,441.63 ",,,,
"ML Mountain Frame-W - Silver, 38",Silver,Components,Mountain Frames, $49.85 ," 4,740 "," $236,265.30 "," $23,700.00 "," $259,965.30 ", $82.27 ," 4,740 "," $389,947.95 "," $129,982.65 ",,,,
"LL Mountain Frame - Silver, 40",Silver,Components,Mountain Frames, $36.15 ," 4,246 "," $153,464.21 "," $21,227.50 "," $174,691.71 ", $61.72 ," 4,246 "," $262,037.57 "," $87,345.86 ",,,,
Front Derailleur,Silver,Components,Derailleurs, $10.16 ," 4,428 "," $44,966.34 "," $22,140.00 "," $67,106.34 ", $22.73 ," 4,428 "," $100,659.51 "," $33,553.17 ",,,,
LL Touring Handlebars,NA,Components,Handlebars, $5.12 ," 4,288 "," $21,933.12 "," $21,440.00 "," $43,373.12 ", $15.17 ," 4,288 "," $65,059.68 "," $21,686.56 ",,,,
HL Touring Handlebars,NA,Components,Handlebars, $10.17 ," 4,811 "," $48,906.36 "," $24,056.25 "," $72,962.61 ", $22.75 ," 4,811 "," $109,443.91 "," $36,481.30 ",,,,
Front Brakes,Silver,Components,Brakes, $11.82 ," 4,399 "," $52,007.18 "," $21,995.00 "," $74,002.18 ", $25.23 ," 4,399 "," $111,003.27 "," $37,001.09 ",,,,
Chain,Silver,Components,Chains, $2.25 ," 4,514 "," $10,144.65 "," $22,568.75 "," $32,713.40 ", $10.87 ," 4,514 "," $49,070.10 "," $16,356.70 ",,,,
"Touring-2000 Blue, 60",Blue,Bikes,Touring Bikes, $188.79 ," 4,363 "," $823,727.06 "," $21,816.25 "," $845,543.31 ", $290.68 ," 4,363 "," $1,268,314.96 "," $422,771.65 ",,,,
"Touring-1000 Yellow, 46",Yellow,Bikes,Touring Bikes, $370.49 ," 4,389 "," $1,625,966.04 "," $21,943.75 "," $1,647,909.79 ", $563.23 ," 4,389 "," $2,471,864.69 "," $823,954.90 ",,,,
"Touring-1000 Yellow, 50",Yellow,Bikes,Touring Bikes, $370.49 ," 4,917 "," $1,821,582.12 "," $24,583.75 "," $1,846,165.87 ", $563.23 ," 4,917 "," $2,769,248.81 "," $923,082.94 ",,,,
"Touring-1000 Yellow, 54",Yellow,Bikes,Touring Bikes, $370.49 ," 4,647 "," $1,721,736.42 "," $23,236.25 "," $1,744,972.67 ", $563.23 ," 4,647 "," $2,617,459.00 "," $872,486.33 ",,,,
"Touring-1000 Yellow, 60",Yellow,Bikes,Touring Bikes, $370.49 ," 4,569 "," $1,692,653.34 "," $22,843.75 "," $1,715,497.09 ", $563.23 ," 4,569 "," $2,573,245.64 "," $857,748.55 ",,,,
"Touring-3000 Yellow, 44",Yellow,Bikes,Touring Bikes, $115.36 ," 4,828 "," $556,929.24 "," $24,138.75 "," $581,067.99 ", $180.54 ," 4,828 "," $871,601.99 "," $290,534.00 ",,,,
"Touring-3000 Yellow, 50",Yellow,Bikes,Touring Bikes, $115.36 ," 4,545 "," $524,253.52 "," $22,722.50 "," $546,976.02 ", $180.54 ," 4,545 "," $820,464.03 "," $273,488.01 ",,,,
"Touring-3000 Yellow, 54",Yellow,Bikes,Touring Bikes, $115.36 ," 4,625 "," $533,511.16 "," $23,123.75 "," $556,634.91 ", $180.54 ," 4,625 "," $834,952.37 "," $278,317.46 ",,,,
"Mountain-400-W Silver, 38",Silver,Bikes,Mountain Bikes, $104.95 ," 4,580 "," $480,621.86 "," $22,898.75 "," $503,520.61 ", $164.92 ," 4,580 "," $755,280.92 "," $251,760.31 ",,,,
"Mountain-400-W Silver, 40",Silver,Bikes,Mountain Bikes, $104.95 ," 4,769 "," $500,508.94 "," $23,846.25 "," $524,355.19 ", $164.92 ," 4,769 "," $786,532.79 "," $262,177.60 ",,,,
"Mountain-400-W Silver, 42",Silver,Bikes,Mountain Bikes, $104.95 ," 3,845 "," $403,539.76 "," $19,226.25 "," $422,766.01 ", $164.92 ," 3,845 "," $634,149.02 "," $211,383.01 ",,,,
"Mountain-400-W Silver, 46",Silver,Bikes,Mountain Bikes, $104.95 ," 4,989 "," $523,544.37 "," $24,943.75 "," $548,488.12 ", $164.92 ," 4,989 "," $822,732.18 "," $274,244.06 ",,,,
LL Bottom Bracket,NA,Components,Bottom Brackets, $5.99 ," 3,783 "," $22,671.13 "," $18,916.25 "," $41,587.38 ", $16.49 ," 3,783 "," $62,381.06 "," $20,793.69 ",,,,
ML Bottom Bracket,NA,Components,Bottom Brackets, $11.24 ," 4,718 "," $53,015.72 "," $23,588.75 "," $76,604.47 ", $24.36 ," 4,718 "," $114,906.70 "," $38,302.23 ",,,,
HL Bottom Bracket,NA,Components,Bottom Brackets, $13.49 ," 4,767 "," $64,276.25 "," $23,832.50 "," $88,108.75 ", $27.73 ," 4,767 "," $132,163.13 "," $44,054.38 ",,,,
,,,,,," $70,764,991.00 "," $4,301,328.75 "," $75,066,319.75 "," $25,919.88 "," 860,265.75 "," $112,599,479.62 "," $37,533,159.87 ",,,,
,,,,,,,,,,,,,,,,
